search_id,vues_predites
iphone14,21862
iphone15,21603
iphone16,20094
iphone,19814
ps5,18249
iphone13,18099
television,16598
canape,15686
ordinateurportable,14630
meubletv,12279
lavelinge,12276
trotinetteelectrique,12195
coiffeuse,10545
lavevaisselle,10508
chaisesalleamanger,9908
telephoneportable,9853
matelas140x190,9761
canapeconvertible,9322
samsung,9214
tablette,9097
lit140x190,8798
iphone14pro,8724
tableamanger,8460
frigo,8386
iphone12,8233
iphone17,8230
aspirateur,7609
sechelinge,7505
microonde,7319
lego,7121
dressing,7037
lit160x200,6879
matelas160x200,6671
bureau,6583
frigocongelateur,6580
samsungs24,6565
armoire,6546
meubleachaussures,6515
aspirateurlaveur,6497
airfryer,6396
canapedangle,6394
commode,6331
samsungs25,6249
fourencastrable,6134
aspirateurbalaisansfil,6017
tapissalon,5892
ipad,5709
lit,5533
pcgamer,5501
iphone16promax,5276
iphone13pro,5204
chaise,5112
iphone15promax,5105
airpods,5080
iphone11,5042
meublesalledebain,5025
buffet,5002
telephonesamsung,4908
iphone15pro,4890
iphone14promax,4855
matelas90x190,4816
iphone16pro,4733
manetteps5,4681
tablettesamsung,4672
samsungs23,4525
veloelectrique,4397
chaisedebureau,4272
samsungs22,4054
switch,3955
cuisine,3896
chaisegaming,3732
tablebassesalon,3622
plaqueinduction,3603
armoirechambre,3602
applewatch,3561
fauteuil,3547
playstation5,3523
litenfant,3469
tabouretdebar,3414
cookeo,3381
canapedangleconvertible,3340
iphone13promax,3268
poussette,3254
machineacafe,3170
airfryerninja,3161
imprimante,3150
macbook,3109
tapisdecourse,3047
meublederangement,2995
tabledechevet,2983
jeuxps5,2914
congelateur,2910
pcportable,2882
salondejardin,2823
arbreachat,2813
etagere,2807
tapis,2789
cafetiere,2715
smartphone,2684
matelas,2639
bureaugamer,2606
packoffice,2605
baskethomme,2560
cuisinecomplete,2528
samsunggalaxya16,2463
refrigerateurcongelateur,2453
bibliotheque,2433
gaziniere,2421
litbebe,2382
ninja,2382
ps4,2366
redminote14pro,2366
frigoamericain,2361
iphone17promax,2348
pcportablegamer,2327
meubledecuisine,2327
aspirateurrobot,2320
congelateurarmoire,2312
sommier140x190,2279
ecranpc,2279
clicclac,2272
matelas90x200,2259
ecranpcgamer,2253
tineco,2251
matelas140x200,2247
miroir,2219
videoprojecteur,2206
tablesalleamanger,2199
four,2193
valise,2190
xiaomi,2179
abridejardin,2173
litcoffre,2144
buffetdecuisine,2142
telephone,2129
litsuperpose,2114
lit180x200cm,2109
ecouteursansfil,2108
montrehomme,2105
commodechambre,2102
table,2101
robotpatissier,2045
tetedelit,2042
montreconnecteehomme,2033
tabletteenfant,1999
s23ultra,1988
iphone12pro,1985
lavevaisselleencastrable,1973
friteuse,1968
iphone17pro,1966
casquebluetooth,1966
samsungs23ultra,1943
siegeauto,1942
jeuxswitch,1938
senseo,1933
meublebascuisine,1926
samsungs24ultra,1925
matelas180x200,1924
lustre,1919
couette220x240,1913
tableronde,1889
ilotcentral,1881
coiffeuseavecmiroirettabouret,1867
samsunga56,1863
dyson,1853
meublewc,1852
sommier160x200,1844
litcabane,1830
poussette3en1,1807
enceintebluetooth,1805
montreconnecteefemme,1789
aspirateurbalai,1785
cocotteminute,1778
iphone16plus,1772
iphone13mini,1769
buffetsalleamanger,1763
aspirateurrobotlaveur,1755
oreiller,1749
batteriedecuisine,1746
iphone15plus,1743
plaquedecuissongaz,1733
trottinetteelectrique,1723
meubledentree,1722
sechelingecondensation,1719
grillepain,1704
windows11pro,1702
s25ultra,1701
xiaomiredminote14pro5g,1694
clewindows11,1687
rideaux,1687
iphone12mini,1683
tapisdemarche,1681
etageremurale,1674
fourelectrique,1668
samsungs22ultra,1662
cafetiereagrain,1656
machineaacafeengrain,1653
casserole,1647
appareilphoto,1646
cameradesurveillance,1643
tablededechevet,1634
redmi,1621
meuble,1608
coqueiphone14,1599
tvconnectee,1594
iphone14plus,1593
fauteuilrelax,1576
disquedurexterne,1567
iphone14propromaxreconditionne,1565
batterieexterne,1565
poele,1564
bureauenfant,1561
tablepliante,1558
iphonereconditionne,1543
canape3places,1538
meublesalon,1536
iphonexr,1525
ordinateurdebureau,1505
pouf,1502
iphone16e,1499
samsunggalaxy,1498
houssedecouette,1491
coqueiphone13,1490
etendoiralinge,1489
consoleps5pro,1489
chaisecoiffeuse,1489
smarttv,1488
tabledesalon,1483
office2024,1473
barredeson,1469
portable,1468
iphone12promax,1468
velodappartement,1466
congelateurcoffre,1466
microondeencastrable,1462
sechecheveux,1462
consoledentree,1461
iphone15reconditionne,1457
iphone12128goreconditionne,1449
vitrine,1444
cafetieresenseo,1442
telephoneportablesamsung,1437
bouilloire,1428
s22ultra,1428
basketfemme,1428
s23,1423
aspirateursansfil,1417
samsunggalaxys21,1391
nettoyeurvapeur,1383
manetteps4,1365
tvsamsung,1357
aspirateurdyson,1357
iphone13128goreconditionne,1353
cododo,1349
machineacoudre,1340
salleamangercomplete,1328
fauteuilsalon,1322
meublecuisine,1322
iphone13reconditionne,1320
pc,1313
transatbebe,1306
manetteswitch,1304
redminote14,1296
iphone15promax256go,1295
etagerederangement,1294
airpod,1293
portemanteau,1260
chaisescandinave,1256
plaquedecuisson,1253
iphone17promax256,1252
velo,1249
litcoffre160x200,1246
karcher,1244
iphone14128goreconditionne,1240
pokemon,1238
chaisehautebebe,1238
centralevapeur,1238
iphone16promax256gonoir,1234
veloenfant,1224
iphone14reconditionne,1217
lotde6chaises,1212
ordinateur,1211
iphone13propromaxreconditionne,1206
airpods4,1197
tondeusecheveux,1197
trotinetteelectriqueenfant,1196
s24ultra,1184
caveavin,1182
lit2places,1177
tablebasseronde,1177
airpodspro2,1174
smartphonesamsung,1174
aspirateursanssac,1165
poussettecanne,1164
dessertecuisine,1161
mixeur,1159
chambrecompleteadulte,1157
blender,1155
colonnesalledebain,1154
spa,1153
nike,1150
googlepixel9,1147
lampedechevet,1146
barbecue,1142
draisienneelectrique,1142
casquegamer,1142
canape2places,1141
montrefemme,1135
brosseadentelectrique,1130
hotteaspirante60cm,1130
gaufrier,1124
bebe,1123
airpodspro3,1113
cuisiniereinduction,1112
pousette,1111
chargeuriphone,1110
samsunga15,1109
dressingchambre,1106
iphonex,1104
windows11,1104
fauteuildebureau,1103
dolcegusto,1103
parfumfemme,1103
samsungs21,1101
meublehautcuisine,1101
console,1100
lavelingesechant,1099
buffetsalon,1096
honor,1089
tableaamangerextensiblebois,1087
lampadairesalonsurpied,1086
panieralinge,1085
cleusb,1082
parcbebe,1081
tablerondeextensible,1081
poussettedouble,1080
sacamain,1079
tablebasserelevable,1079
ferarepasser,1079
baignoirebebe,1078
tableamangerronde,1075
pcportable17pouces,1075
television80cm,1072
ssd,1070
poubelle,1069
bureaudangle,1067
poeleapetrole,1066
chambrebebe,1066
parfumhomme,1060
poeleinox,1059
lit90x190etsommier90190,1059
miroirsalledebain,1058
kukiring2,1056
friteusesanshuile,1055
cigaretteelectronique,1055
couette,1054
samsunga55,1053
plandetravailcuisine,1053
tabletteapple,1053
cdiscount,1052
chaussurehomme,1051
coiffeuseavecmiroirled,1048
tefal,1046
tablebasse,1043
tablealanger,1042
samsunga14,1040
tv65pouces,1037
tableextensible,1035
cartegraphique,1033
googlepixel,1033
tablebassebois,1029
bureauavecrangement,1029
samsungs25ultra,1028
drone,1028
googlepixel8pro,1027
bissell,1026
coqueiphone15,1024
coqueiphone12,1016
meubletvblanc,1015
cleactivationoffice,1015
iphone15128goreconditionne,1015
minifour,1015
airfryerphilips,1014
jeuxps4,1014
oppo,1013
tablettetactile,1012
tapischambre,1011
iphone8,1009
lisseurghd,1009
xboxseriex,1007
tn,1006
cuisiniere,1003
rasoirelectriquehomme,1002
meublesalleamanger,995
canapeconvertible3places,994
trotinetteenfant,990
jbl,989
lisseurcheveux,986
meubletvbois,985
airfryermoulinex,985
papierpeint,984
apple,983
refrigerateuramericain,981
coussin,974
iphone14promax128go,974
cuiseurderiz,974
manettexbox,971
samsungzflip6,969
montreconnectee,967
tabouretcoiffeuse,961
extracteurdejus,960
armoirederangement,958
smartphones,955
delonghi,954
trottinette,952
tableetchaise,951
legostarwars,950
balancebebe,950
enceintejbl,949
minilavevaisselle,949
huawei,948
led,947
litmezzanine,945
armoirependerie,945
sourissansfil,944
nintendoswitch,944
decoration,942
clavier,940
chargeursamsung,939
ps5slim,935
ensembletableetchaise,934
armoireenfant,934
cartepokemon,934
samsungzflip5,929
cuisineequipee,928
lotde4chaises,928
piscinehorssol,928
vaisselier,925
lavelingesechelingecombine,924
meublemachinealaver,922
robotmultifonction,919
litparapluie,914
tablettexiaomi,914
friteuseavechuile,912
sechelingepompeachaleur,912
ipadair,910
feutreacrylique,909
supporttelephonevoiture,909
thermomix,906
lit140x200,906
pocox7pro,905
litadulte,903
macbookair,901
meublechambre,901
nintendoswitch2,900
newbalance,899
ecran,898
nespresso,898
tv4k,897
supportmuraltv,893
assiette,893
radiateurelectrique,892
sodastream,891
decorationmurale,889
lit90x190,885
iphone16reconditionne,885
puff,885
servicedetable,883
chaisepliante,882
sommier,882
tabouret,882
xiaomi14,881
macbookpro,878
canapepanoramique,877
bureaublanc,876
xbox,876
redminote13,874
pergola,873
googlepixel9pro,872
casqueapple,868
litcoffre140x190coffre,868
etagerecuisine,867
salleamanger,866
coqueiphone16,861
tronconneusethermique,860
couette240x260,856
xboxseries,855
appareilaraclette,854
smeg,854
casque,853
iphone11pro,853
canapebeige,851
samsungs20,851
meublesouslavabo,850
litierechat,844
cafetierenespresso,844
litgigogne,841
litcabane90x190,840
tv,840
balaivapeur,840
plafonnier,838
shampouineusemoquette,837
mixeurplongeant,837
survetementhomme,834
claviergamer,833
refrigerateur1porte,832
aspirateurrowenta,832
imprimantemultifonction,831
iphone12128gopromaxreconditionne,830
s21,829
boosterpokemon,829
lit2personnes,825
ps5consoleeditionstandard,822
samsungzflip,822
voitureelectriqueenfant,820
commode6tiroirs,820
iphone13promax256,819
volantps5,819
tapisdesouris,818
dysonairwrap,818
meubletvsuspendu,817
frigoencastrable,816
fauteuilabascule,815
enceinte,814
surmatelas140x190,813
imprimantethermique,812
retroprojecteur,811
poussettecybex,811
asics,810
luminaire,810
gaziniereelectrique,805
sacochehomme,803
planchaelectrique,799
litenfant90x190,798
tetedelit160,798
liseuse,796
redmi14c,796
litcoffre160x200coffre,793
machineaglacons,793
minipc,792
litdouble,787
switchlite,787
rangementchaussures,787
switche2,786
trotinetteelectriqueadulte,786
bibliothequeenfant,786
ipadpro,781
lit140x190etsommier140190,779
telephonefixe,778
casqueps5,777
couette140x200,775
crepiere,774
commodeblanche,771
homecinema,770
iphone16promax256,769
chaisehaute,769
boitederangement,769
robinetcuisine,768
tableaudecorationmurale,765
tondeusebarbe,764
boitierpc,764
egouttoirvaisselle,763
poubelledecuisine,762
scooterelectrique,761
fourapizza,760
friteuseelectrique,758
miroirmural,757
xiaomi14tpro,757
iphone11promax,755
tondeuse,754
office365,753
legoharrypotter,751
ecouteurs,748
playmobil,747
airpodspro,744
lit1personne,744
couteaudecuisine,743
camerasurveillanceexterieur,743
colonnededouche,743
portebebe,742
tapisdeveil,742
armoiresalledebain,742
lavevaisselleencastrable60cm,741
casquemoto,740
champagne,738
sechoiralinge,735
chaisesdesalleamanger,734
jeuxdesociete,733
meublemicroonde,730
niketn,730
imprimantehp,730
televisionsamsung,729
chauffagedappoint,729
tablebasseblanche,726
rangement,726
colonnecuisine,720
lampe,720
tondeuseagazon,719
iphone13propromax,716
trotteurbebe,715
pullhomme,714
chemineeelectrique,714
legotechnic,713
evier,712
poeletefal,712
casquejbl,710
poeleabois,708
matelasgonflable,708
sacalanger,708
cookeoinfinity,707
surmatelas,705
carplay,705
plaid,704
autocuiseur,704
bonbon,701
tablettelenovo,697
sextoy,696
oreillermemoiredeforme,695
sacados,694
iphone7,694
trotinetteelectriqueadulte150kg,693
meublevasquesalledebain,690
babyphone,690
draphousse,687
idmarket,687
ilotcentralcuisine,686
litfille,685
litsuperpose2places,685
tireuseabiere,685
lustresalon,684
mangedebout,684
maquillage,684
litiereautonettoyante,683
paruredecouette220x240coton,682
litdeuxplaces,682
ustensilesdecuisine,681
parfum,680
airfryerfriteuseaairsanshuile,679
doudounehomme,679
brossesoufflante,679
dreame,679
cafetieredolcegusto,677
jouet,677
gode,675
hotte,674
basketnikehomme,672
samsungs26ultra,672
camera,672
steampod,671
fc26,670
defroisseur,668
portantvetement,667
litled,666
lecteurdvd,665
houssedechaise,665
lit90x200,664
coiffeuseavecmiroir,664
poulailler,664
tablearepasser,662
valisecabine,660
cartouchehp305,659
litmezzanine140x200,659
airfryer2tiroir,657
nettoyeurhautepression,656
salledebain,655
casseroleinduction,655
machineaalaver8kg,655
cuisiniereelectrique,654
coquesamsunggalaxya16,654
chromecast,653
aspirateurlaveursansfil,651
piscine,650
tabledejardin,649
deshumidificateur,649
honormagic7lite,648
sommiertapissier140x190,648
plaquevitroceramique,647
labubupopmart,647
iphoneair,647
litpliant1personne,645
iphone14neuf,644
aquarium,643
chauffeuse,640
grandmiroir,640
visseusedevisseusesansfil,639
tetedelit140,637
sourisgamer,636
litcoffre180x200,636
samsunga17,636
suspensionluminaire,635
sommier90x190,635
iphone11reconditionne128go,635
stitch,634
balancedecuisine,633
gazinieregaz,632
fourmicroonde,632
litbanquette,632
vaisselle,632
machineapain,632
jouetbebe,632
minifrigo,632
legofleur,631
tapiscuisine,631
compresseurdair,631
lisseur,631
placard,631
ipadpro11,630
bancdemusculation,630
epilateurlumierepulsee,630
draphousseencoton140x190,629
tabletteavecclavier,628
lit120x190cm,628
tableamangerextensible,626
barrieredesecuritesanspercage,626
miroirsurpied,625
ninjacreami,624
congelateurtiroir,624
imprimante3d,624
appliquemurale,624
roborock,623
machineaalaversechant,623
perceusevisseusesansfil,622
tv100cm,620
poussetteyoyo,620
lit1place,620
plaquegaz,619
chauffebiberon,619
faitout,619
ordinateurportablehp,619
horlogemurale,619
clewindows11pro,619
trotinetteelectriquexiaomi,619
lavelingetop,618
cuisinierevitroceramique,617
petitmeublederangement,617
lavelinge12kg,617
iptv12moisabonnement,616
bouilloireelectrique,616
siegeautoisofix,615
blenderchauffant,615
meubletvmural,614
sommier180x200,614
cocotteenfonte,614
canapevelours,614
armoiredressing,614
cuisineenfant,613
etageresalledebain,613
colonnederangement,613
berceaubebe,612
traversin,612
chaisebeige,612
gazinieregazavecfourgaz,611
scooter,611
serviettedebain,610
cadeauhomme,610
litsuperpose3places,610
biberon,608
multiprise,607
serredejardin,607
tvoled,607
outillage,607
bureauassisdebout,607
marmite,606
legoadulte,606
chevet,606
tv55pouces,606
aspirateurvoiture,606
meubletvcheminee,606
trampoline,605
tablebassenoir,605
caisseaoutils,604
lavelinge10kg,604
poeleagranules,604
iphone13neuf,604
tableenfant,603
litmatelas,602
telephoneportablesamsunggalaxy,602
airpodsmax,602
paruredelit,602
tabledappoint,601
switcholed,601
tirelait,601
chaisebois,600
climatiseur,600
aspirateurlaveurrowenta,599
tasseacafe,599
vasagle,599
ideecadeaufemme,598
bibliothequeetagere,597
meubletvhaut,597
couette200x200,597
houssedecanape,597
litsuperposeenfant,597
samsungs23ultra256,596
samsungs25ultra256,595
saloncomplet,595
draphousseencoton160x200,595
rangementcuisine,595
casseroleinox,595
piano,593
vestiairedentree,593
climatiseurmobile,593
cookeomoulinex,591
tapisdecoursepliable,590
iphone12reconditionne,590
applewatchseries10,590
bancachaussure,589
autoradio,589
machineacafeagrain,589
vibromasseur,589
coiffeuseenfant,588
parurededelit220x240encoton,586
legominecraft,586
planteartificielle,586
raclette,586
fourencastrablepyrolisechaleurtournanteportefroide,585
armoirechambreadulte,585
bz,584
balancoire,584
panierchien,584
pesepersonne,583
honor400lite,583
lavevaisselle45cm,583
adidas,582
vitrineenverre,582
samsungs23plus,581
matelasbebe,581
makita,580
valisediagnosticauto,580
cableusbc,579
vetementhomme,579
biberonmam,579
cartemere,579
vestehomme,578
ipadreconditionne,578
iphone14proreconditionne,577
tablerondesalleamanger,577
batteurelectrique,575
electromenager,575
meubletvnoir,575
montre,575
honor400,574
ddr4,573
tablebar,573
canapemodulable,573
moulinacafe,573
batteriedecuisineinox,572
hachoiraviande,572
aspirateurkarcher,572
iphonese,571
couverturechauffante,571
bahutsalleamanger,571
coffreajouet,571
moulinex,570
lampedebureau,570
tassimo,569
coussincanape,569
windows11famille,568
aspirateurlaveurtineco,567
vase,567
tringlearideaux,567
jeuxswitch2,566
refregirateurcongeleteur,566
ecranpcgamerincurve,566
buffetbas,565
canapeconvertible2places,564
lisseurvapeur,564
fontaineaeaupourchat,563
tapisdentree,563
surmatelas160x200,563
a56,563
shampouineusecanape,562
litmezzanine90x200,562
boosterbatterievoiture,561
kitchenaid,560
houssecanapedangle,560
cameraespion,560
dressingavecrideau,560
xiaomi15,559
meubletvled,559
iphonepromax,559
montreconnecteeenfant,558
vin,558
ipad10generation,558
tableamangeravecchaise,558
chaussettehomme,557
asicsgelnyc,556
boxerhomme,556
cuisinieregaz,556
gazinieregazavecfourelectrique,556
tapiscouloir,555
sechecheveuxdyson,554
buffetblanc,554
miroircoiffeuse,554
debroussailleusethermique,553
portecoulissante,553
potdefleur,552
poeleinduction,552
barbecueelectrique,552
googlepixel8,551
montreapplewatch,551
ordinateurapple,551
coqueiphone12mini,551
tondeusethermique,550
ensemblesommiermatelas,550
cadrephoto,549
samsunga54,549
couverture,548
motorola,548
tapisbeige,548
lavevaisselleposelibre,547
buffethaut,547
decorationchambre,546
cadredelit,546
verre,546
smartphone5g,545
hachoir,545
boucleur,544
miroirled,543
radioreveil,543
abattantwc,542
samsunggalaxys24,542
petitfrigo,542
reveil,542
dysonv8,542
tabletv,541
ddr5,541
batteriedecuisineinduction,541
plaidpourcanape,541
galaxys25ultra,541
houssedecouette260x240encoton,540
nikeairforce1,539
rideaudedouche,539
consoledejeux,539
plancha,539
decorationmaison,538
amazon,538
ssd1to,537
veloelectriquepliable,537
tronconneuseabatterie,537
peinture,537
iphone14pro128go,537
samsungs24fe,536
chaussuredesecuritehomme,535
manteaufemme,535
tapissalon200x300,535
chambreenfant,534
scooter50cc,534
pianodecuisson,534
microondesamsung,534
xiaomi14t,533
basketadidasfemme,532
caleconhomme,532
panneausolaire,532
bouilloiresmeg,531
disquedur,531
tensiometre,530
jouetchat,530
sommiermatelas,530
canapeclicclac,530
basketadidashomme,530
hotteaspirante,530
tablebasseenverre,529
ampouleled,528
poufsalon,528
servicevaisselle,528
stationmeteo,527
tapisrond,526
adobeacrobatpro,525
tablehaute,525
yaourtiere,525
iphone12128gopromax,525
zfold6,524
couteau,524
jeanshomme,524
chaisedecuisine,524
machinenespresso,523
s24plus,523
armoirebebe,523
sciecirculaire,522
patpatrouille,521
cuisinecompleteavecplandetravail,521
alexa,520
machineaalaver12kg,520
mouleagateau,520
dressingdangle,520
lotdechaise,520
iphone10,518
comodedechambreadulte,518
machinealaver10kg,517
portefeuillehomme,517
platinevinyle,517
sacdevoyage,517
lenovo,516
chariotdecourses,515
hotteaspirante90cm,515
dreameh12pro,515
cocotteminuteseb,515
televiseursamsung,515
pcgamercomplet,515
fauteuilenfant,515
pcportableasus,515
s25plus,514
meubletvdangle,514
lavevaissellebosch,514
cafetieredelonghi,514
machineaglaceninja,513
oneplus,513
servantedatelier,513
iphone6,513
veloenfant3ans,513
couvertsdetable,512
logiciel,512
casqueaudio,512
couscoussier,511
motoelectrique,511
samsunga36,511
gaming,510
tonnelle,510
ensemblesommiermatelas160x200,510
chocolat,510
airpods3,510
coques23ultra,509
detecteurdemetaux,509
gonfleurpneuvoiture,509
samsungs23fe,509
micro,509
lustrechambre,509
lampedesalon,509
cafetierefiltre,508
pantalonhomme,508
meublerangementenfant,508
pneus4saisons,508
matelasalanger,508
pyjamafemme,507
vetementfemme,507
diamondpainting,507
iphonepro,507
15pro,506
gopro,506
ordinateurportablereconditionne,505
iphoneneuf,505
veilleuse,505
cafe,504
joyconswitch,504
pilesaaa,504
iphone14propromax,503
lampesolaireexterieur,503
presseagrume,502
tefalingenio,501
tourdobservation,501
minecraft,501
vileda,501
sacamainbandoulierefemme,501
jouetsenfants,500
meubletiroir,500
litenfantfille,500
television140cm4k,500
canapecuir,499
bar,499
cleachoc,499
houssedecouette220x240,499
cakefactory,497
videoprojecteur4k,497
tourpcwindows11,497
sommiertapissier160x200,496
etageredangle,496
litcoffre90x190,496
firetvstick,496
lit200x200,495
casquesony,495
balaiserpillere,495
cuiseurvapeur,494
protegematelas140x190cm,494
ikea,494
galaxys24ultra,494
chainehifi,494
pile,493
lacoste,492
dualtron,492
litbebeevolutive,492
tourpc,491
casseroletefal,491
lessive,491
cagepourchien,491
ugg,490
plandetravail,490
microsoft365,490
doudounefemme,490
buffetbois,490
mouleairfryer,490
abatjour,490
matelasgonflable2personnes,489
groupeelectrogene,489
basketnike,489
basketnikefemme,489
lecteurcd,489
ecouteuriphone,488
timberland,488
matelasbebe60x120,488
vinrouge,488
canapeenu,487
dvd,487
telecommandeuniverselle,486
siegeautobebe,486
bancdentree,486
rallongeelectrique,486
matelas120x190,486
saccabaia,485
commodealanger,485
matelasemma,484
tablededenuit,484
ecouteurjbl,483
rtx5070,483
samsunga165g,483
parasol,483
cybex,482
iphone15pro128go,482
ipadmini,482
chaussuresfemme,481
pixel8,480
poupee,480
airmax90,480
xiaomi15tpro,480
petitcongelateur,479
tvqled,479
lampesurpied,479
portecle,479
pommeaudedouche,479
imprimanteepson,479
iptv,478
eviercuisine,478
voituretelecommandee,478
bequiet,477
pcbureauwindows11,477
chat,477
fourpyrolyse,476
labubu,476
bouclesdoreilles,476
ponceuseongle,475
brisevue,475
ventilateur,475
rideauxvoilage,475
dashcam,475
tinecofloorones7pro,474
chromebook,474
iphone13rose,474
robotcuisine,473
bottesfemme,473
whisky,473
chaisebebe,473
meublebas,472
souris,471
telephonepascher,471
toboggan,471
chauffagegaz,471
kukirin,471
stylo,470
secheservietteelectrique,470
diffuseurhuileessentielle,470
mitigeurcuisine,470
samsungs21fe,470
ps5portable,470
draphousse160x200,470
telescope,470
s23plus,469
dosettesenseo,469
coloriagemystere,469
litenfant90x200,467
vidaxl,467
pousettetrio3en1,467
redminote14proplus,467
bottinesfemme,467
lavevaissellenoir,466
bougie,466
cameradesurveillancesolaire,466
chiffonnier,466
iphone16propromax,465
manteauhomme,465
armoireblanche,465
caissondebureau,465
pullfemme,465
chaussure,464
sacamainfemme,463
legodestockage,463
machineacafeportable,463
ecouteurfilaire,463
ordinateurportableapple,463
sextoyhomme,462
litcoffre140x200,462
salon,462
sweathomme,462
tv50pouces,462
chauffageelectrique,462
airtag,462
toniebox,462
plaqueinduction2foyers,462
bijoux,461
chaussurefemme,461
rideauxoccultants,461
chaisevelours,461
litcabaneenfant,460
tv75pouces,460
canaperelax,460
coqueiphone14pro,460
epilateurelectriquefemme,460
fc26ps5,460
basket,460
appareilphotoinstantane,459
airmax,459
iphonexs,458
bracelethomme,458
tapisenfant,458
secateurelectriquesansfil,457
samsungs24plus,456
montreenfant,456
claviersourissansfil,455
watercooling,453
samsunggalaxys24ultra,453
imac,453
sommieretmatelas140x190,453
arbreachatxxl,450
aspirateuravecsac,450
puzzle,450
aspirateurtineco,450
coffrederangement,450
braceletfemme,449
houssedecouette140x200,449
legof1,448
barbie,448
alimentationpc,448
rtx5080,448
voilage,448
brasero,447
coupdepouce,447
matelas70x140,447
matelas80x160,447
refrigerateurmultiportes,446
lit200sur200,446
televiseur55pouces,446
chaussettes,446
paravent,446
iphone12128gomini,445
plafonnierled,445
chargeurrapide,445
chaussuresdesecurite,445
realme,445
huaweip30pro,445
airpodproapple,444
veilleusebebe,444
casquettehomme,444
redminote145g,443
iphone16propro,443
iphone14mini,443
meublesalledebainsurpieds,443
imprimantelaser,443
moto,442
rtx5070ti,442
deguisementenfant,442
canape4places,442
canapevelourscotele,441
underarmour,441
armoirechambreenfant,440
huaweip30lite,440
cagelapin,440
cabaia,440
teeshirthomme,440
adidassamba,440
sacguess,440
cartecadeau,440
adaptateurusbcversusb,439
crichydraulique,439
jogginghomme,439
redminote13pro,438
ram,437
imprimanteportable,437
samsungflip,437
oneplus13,437
samsunggalaxys,437
chaisedejardin,436
montremichaelkorsfemme,436
kpopdemonhunter,436
cartemicrosd,436
applewatchse,435
doudoune,434
legoninjago,434
appleairpods,434
tapisdecourseinclinable,433
dosettestassimo,433
ghostofyotei,433
plaqueinduction4foyers,433
supportecranpc,433
vans,433
matelas200x200,432
repeteurwifi,432
gameboy,432
plaqueelectrique,431
batteriedevoiture,430
echelletelescopique,430
protegematelas160x200,430
galaxys24,430
montreconnecteesamsung,430
robinetsalledebain,429
coussindegrossesse,428
cablehdmi,427
roblox,426
robedesoiree,426
gourde,425
blousonhomme,425
galaxybuds3pro,425
robefemme,425
banquette,425
radiateurelectriqueainertie,425
tableau,424
nikeairmax,424
galaxywatch7,424
samsungs25plus,423
chaiseblanche,423
ps5digital,422
tabledemassage,421
consoleps5,421
legostitch,421
crocs,420
meublevasagle,420
supporttv,420
dysonv15,420
coussindallaitement,420
imprimantecanon,420
kukiring2master,418
garmin,418
fifa26,418
musculation,418
credencecuisine,417
tableexterieur,417
casquevr,417
setvalise,416
nintendoswitch1,415
nokia,415
ceinturehomme,414
boiteauxlettres,413
fauteuilscandinave,413
coqueiphone11,413
airpods2,412
applepencil,412
psportal,412
kitdressing,412
tronconneuse,410
radiateurbaindhuile,410
blackview,410
poussettejoie,410
rowenta,409
poco,409
samsunggalaxya56,409
googlepixel7,409
cleactivationoffice365,409
stylolegami,408
ponceuse,408
iphone17propromax,408
compresseur,408
cabinedouche,407
litmezzanine2places,407
redbull,407
battlefield6,406
coque,406
ecovacs,406
honormagic7pro,405
iphone15proproreconditionne,405
tablesalleamangerextensible,405
playstation,404
jblpartybox,404
cartouchehp302,403
serpillere,403
tracteurtondeuse,403
vtthomme,402
newbalancefemme,402
imprimantewifi,401
ootdt10,400
samsunggalaxynote20ultra5g,400
kukiring2pro,400
cabaneenfant,399
trotinetteelectriqueavecsiege,399
metaquest3,398
tv43pouces,397
pocof7,397
s24fe,397
powerbank,397
bosch,396
roborockq10,396
samsungzfold5,395
escabeau,395
chemisehomme,395
valisesoute,395
bijouxfemme,394
rehausseurauto,394
poussettetrio,394
trotteur,394
mac,394
samsunga35,393
maillotdefoot,393
packps5,392
petitetablebasse,392
cricut,392
ventilateurplafond,392
tinecos5,391
parfumfemmedemarque,390
coffretpokemon,390
lit140x190avecrangement,390
applewatchserie8,390
gourdeairup,390
panierderangement,390
iphone14propromaxneuf,389
tableovale,389
matelas80x200,388
panierdebasket,388
labubustitch,388
transat,387
ensemblemeubletv,387
montres,387
xboxone,387
poubelle50l,386
souffleurdefeuillesabatterie,386
chargeurusbc,386
skyjo,386
legami,385
enceintebluetoothjbl,385
lingedelit,385
salondejardinresine,384
canapedanglebeige,384
purificateurdair,383
packoffice2021,382
legospeedchampions,382
lecteurcdps5,381
lunettedesoleilhomme,381
tapisjute,380
pistoletapeinture,380
ensemblesalleamanger,380
barbecuecharbondebois,379
lecteurps5,379
jardiniereexterieur,379
robottondeuse,378
chambreadulte,378
croquettechat,378
telephoneportablesansforfait,376
ryobi,376
ordinateurtoutenun,376
legodisney,375
jeux,375
lavelingehublot,375
iphone8plus,374
tableauenfant,373
ensemblemeublesalledebain,373
matelas2personnes,373
iphone13minireconditione128go,372
matelas160x200epaisseur30cm,372
iphone15neuf,372
xiaomi15ultra,371
commodebebe,371
tableamangerrondeextensible,370
chicha,370
kway,370
tondeuseautoportee,370
tnhomme,369
plaquedecuissonelectrique,369
cartepsn,368
motoculteur,368
tablebois,368
iphone14plus128gb,368
abridejardinbois,367
samsunga13,367
xiaomiredminote8,366
collierantiaboiement,365
samsunga53,364
tourdelitbebe,364
draisienne,363
redmagic,363
samsungs21ultra,362
montregarmin,362
voiture,362
unitecentrale,362
smartphonexiaomi,361
velodappartementpliable,359
dronedji,359
wc,358
iphone12128go,358
spiderman,358
fortnite,358
tricycleevolutif,357
samsungfold,357
poupeesexuelle,357
lit140x190avecsommieretmatelas,357
feuillearouler,357
litcoffre140x190,356
baindesoleil,356
appareilphotoenfant,356
lampesolaire,356
abonnementiptv,355
psg,355
mobile,355
nintendoswitchlite,355
lamederasoir,355
